{
    "accordion": 1,
    "aeroplane": 2,
    "air conditioner": 3,
    "antenna": 4,
    "artillery": 5,
    "ashtray": 6,
    "atrium": 7,
    "baby carriage": 8,
    "bag": 9,
    "ball": 10,
    "balloon": 11,
    "bamboo weaving": 12,
    "barrel": 13,
    "baseball bat": 14,
    "basket": 15,
    "basketball backboard": 16,
    "bathtub": 17,
    "bed": 18,
    "bedclothes": 19,
    "beer": 20,
    "bell": 21,
    "bench": 22,
    "bicycle": 23,
    "binoculars": 24,
    "bird": 25,
    "bird cage": 26,
    "bird feeder": 27,
    "bird nest": 28,
    "blackboard": 29,
    "board": 30,
    "boat": 31,
    "bone": 32,
    "book": 33,
    "bottle": 34,
    "bottle opener": 35,
    "bowl": 36,
    "box": 37,
    "bracelet": 38,
    "brick": 39,
    "bridge": 40,
    "broom": 41,
    "brush": 42,
    "bucket": 43,
    "building": 44,
    "bus": 45,
    "cabinet": 46,
    "cabinet door": 47,
    "cage": 48,
    "cake": 49,
    "calculator": 50,
    "calendar": 51,
    "camel": 52,
    "camera": 53,
    "camera lens": 54,
    "can": 55,
    "candle": 56,
    "candle holder": 57,
    "cap": 58,
    "car": 59,
    "card": 60,
    "cart": 61,
    "case": 62,
    "casette recorder": 63,
    "cash register": 64,
    "cat": 65,
    "cd": 66,
    "cd player": 67,
    "ceiling": 68,
    "cell phone": 69,
    "cello": 70,
    "chain": 71,
    "chair": 72,
    "chessboard": 73,
    "chicken": 74,
    "chopstick": 75,
    "clip": 76,
    "clippers": 77,
    "clock": 78,
    "closet": 79,
    "cloth": 80,
    "clothes tree": 81,
    "coffee": 82,
    "coffee machine": 83,
    "comb": 84,
    "computer": 85,
    "concrete": 86,
    "cone": 87,
    "container": 88,
    "control booth": 89,
    "controller": 90,
    "cooker": 91,
    "copying machine": 92,
    "coral": 93,
    "cork": 94,
    "corkscrew": 95,
    "counter": 96,
    "court": 97,
    "cow": 98,
    "crabstick": 99,
    "crane": 100,
    "crate": 101,
    "cross": 102,
    "crutch": 103,
    "cup": 104,
    "curtain": 105,
    "cushion": 106,
    "cutting board": 107,
    "dais": 108,
    "disc": 109,
    "disc case": 110,
    "dishwasher": 111,
    "dock": 112,
    "dog": 113,
    "dolphin": 114,
    "door": 115,
    "drainer": 116,
    "dray": 117,
    "drink dispenser": 118,
    "drinking machine": 119,
    "drop": 120,
    "drug": 121,
    "drum": 122,
    "drum kit": 123,
    "duck": 124,
    "dumbbell": 125,
    "earphone": 126,
    "earrings": 127,
    "egg": 128,
    "electric fan": 129,
    "electric iron": 130,
    "electric pot": 131,
    "electric saw": 132,
    "electronic keyboard": 133,
    "engine": 134,
    "envelope": 135,
    "equipment": 136,
    "escalator": 137,
    "exhibition booth": 138,
    "extinguisher": 139,
    "eyeglass": 140,
    "fan": 141,
    "faucet": 142,
    "fax machine": 143,
    "fence": 144,
    "ferris wheel": 145,
    "fire extinguisher": 146,
    "fire hydrant": 147,
    "fire place": 148,
    "fish": 149,
    "fish tank": 150,
    "fishbowl": 151,
    "fishing net": 152,
    "fishing pole": 153,
    "flag": 154,
    "flagstaff": 155,
    "flame": 156,
    "flashlight": 157,
    "floor": 158,
    "flower": 159,
    "fly": 160,
    "foam": 161,
    "food": 162,
    "footbridge": 163,
    "forceps": 164,
    "fork": 165,
    "forklift": 166,
    "fountain": 167,
    "fox": 168,
    "frame": 169,
    "fridge": 170,
    "frog": 171,
    "fruit": 172,
    "funnel": 173,
    "furnace": 174,
    "game controller": 175,
    "game machine": 176,
    "gas cylinder": 177,
    "gas hood": 178,
    "gas stove": 179,
    "gift box": 180,
    "glass": 181,
    "glass marble": 182,
    "globe": 183,
    "glove": 184,
    "goal": 185,
    "grandstand": 186,
    "grass": 187,
    "gravestone": 188,
    "ground": 189,
    "guardrail": 190,
    "guitar": 191,
    "gun": 192,
    "hammer": 193,
    "hand cart": 194,
    "handle": 195,
    "handrail": 196,
    "hanger": 197,
    "hard disk drive": 198,
    "hat": 199,
    "hay": 200,
    "headphone": 201,
    "heater": 202,
    "helicopter": 203,
    "helmet": 204,
    "holder": 205,
    "hook": 206,
    "horse": 207,
    "horse-drawn carriage": 208,
    "hot-air balloon": 209,
    "hydrovalve": 210,
    "ice": 211,
    "inflator pump": 212,
    "ipod": 213,
    "iron": 214,
    "ironing board": 215,
    "jar": 216,
    "kart": 217,
    "kettle": 218,
    "key": 219,
    "keyboard": 220,
    "kitchen range": 221,
    "kite": 222,
    "knife": 223,
    "knife block": 224,
    "ladder": 225,
    "ladder truck": 226,
    "ladle": 227,
    "laptop": 228,
    "leaves": 229,
    "lid": 230,
    "life buoy": 231,
    "light": 232,
    "light bulb": 233,
    "lighter": 234,
    "line": 235,
    "lion": 236,
    "lobster": 237,
    "lock": 238,
    "machine": 239,
    "mailbox": 240,
    "mannequin": 241,
    "map": 242,
    "mask": 243,
    "mat": 244,
    "match book": 245,
    "mattress": 246,
    "menu": 247,
    "metal": 248,
    "meter box": 249,
    "microphone": 250,
    "microwave": 251,
    "mirror": 252,
    "missile": 253,
    "model": 254,
    "money": 255,
    "monkey": 256,
    "mop": 257,
    "motorbike": 258,
    "mountain": 259,
    "mouse": 260,
    "mouse pad": 261,
    "musical instrument": 262,
    "napkin": 263,
    "net": 264,
    "newspaper": 265,
    "oar": 266,
    "ornament": 267,
    "outlet": 268,
    "oven": 269,
    "oxygen bottle": 270,
    "pack": 271,
    "pan": 272,
    "paper": 273,
    "paper box": 274,
    "paper cutter": 275,
    "parachute": 276,
    "parasol": 277,
    "parterre": 278,
    "patio": 279,
    "pelage": 280,
    "pen": 281,
    "pen container": 282,
    "pencil": 283,
    "person": 284,
    "photo": 285,
    "piano": 286,
    "picture": 287,
    "pig": 288,
    "pillar": 289,
    "pillow": 290,
    "pipe": 291,
    "pitcher": 292,
    "plant": 293,
    "plastic": 294,
    "plate": 295,
    "platform": 296,
    "player": 297,
    "playground": 298,
    "pliers": 299,
    "plume": 300,
    "poker": 301,
    "poker chip": 302,
    "pole": 303,
    "pool table": 304,
    "postcard": 305,
    "poster": 306,
    "pot": 307,
    "pottedplant": 308,
    "printer": 309,
    "projector": 310,
    "pumpkin": 311,
    "rabbit": 312,
    "racket": 313,
    "radiator": 314,
    "radio": 315,
    "rail": 316,
    "rake": 317,
    "ramp": 318,
    "range hood": 319,
    "receiver": 320,
    "recorder": 321,
    "recreational machines": 322,
    "remote control": 323,
    "road": 324,
    "robot": 325,
    "rock": 326,
    "rocket": 327,
    "rocking horse": 328,
    "rope": 329,
    "rug": 330,
    "ruler": 331,
    "runway": 332,
    "saddle": 333,
    "sand": 334,
    "saw": 335,
    "scale": 336,
    "scanner": 337,
    "scissors": 338,
    "scoop": 339,
    "screen": 340,
    "screwdriver": 341,
    "sculpture": 342,
    "scythe": 343,
    "sewer": 344,
    "sewing machine": 345,
    "shed": 346,
    "sheep": 347,
    "shell": 348,
    "shelves": 349,
    "shoe": 350,
    "shopping cart": 351,
    "shovel": 352,
    "sidecar": 353,
    "sidewalk": 354,
    "sign": 355,
    "signal light": 356,
    "sink": 357,
    "skateboard": 358,
    "ski": 359,
    "sky": 360,
    "sled": 361,
    "slippers": 362,
    "smoke": 363,
    "snail": 364,
    "snake": 365,
    "snow": 366,
    "snowmobiles": 367,
    "sofa": 368,
    "spanner": 369,
    "spatula": 370,
    "speaker": 371,
    "speed bump": 372,
    "spice container": 373,
    "spoon": 374,
    "sprayer": 375,
    "squirrel": 376,
    "stage": 377,
    "stair": 378,
    "stapler": 379,
    "stick": 380,
    "sticky note": 381,
    "stone": 382,
    "stool": 383,
    "stove": 384,
    "straw": 385,
    "stretcher": 386,
    "sun": 387,
    "sunglass": 388,
    "sunshade": 389,
    "surveillance camera": 390,
    "swan": 391,
    "sweeper": 392,
    "swim ring": 393,
    "swimming pool": 394,
    "swing": 395,
    "switch": 396,
    "table": 397,
    "tableware": 398,
    "tank": 399,
    "tap": 400,
    "tape": 401,
    "tarp": 402,
    "telephone": 403,
    "telephone booth": 404,
    "tent": 405,
    "tire": 406,
    "toaster": 407,
    "toilet": 408,
    "tong": 409,
    "tool": 410,
    "toothbrush": 411,
    "towel": 412,
    "toy": 413,
    "toy car": 414,
    "track": 415,
    "train": 416,
    "trampoline": 417,
    "trash bin": 418,
    "tray": 419,
    "tree": 420,
    "tricycle": 421,
    "tripod": 422,
    "trophy": 423,
    "truck": 424,
    "tube": 425,
    "turtle": 426,
    "tvmonitor": 427,
    "tweezers": 428,
    "typewriter": 429,
    "umbrella": 430,
    "unknown": 431,
    "vacuum cleaner": 432,
    "vending machine": 433,
    "video camera": 434,
    "video game console": 435,
    "video player": 436,
    "video tape": 437,
    "violin": 438,
    "wakeboard": 439,
    "wall": 440,
    "wallet": 441,
    "wardrobe": 442,
    "washing machine": 443,
    "watch": 444,
    "water": 445,
    "water dispenser": 446,
    "water pipe": 447,
    "water skate board": 448,
    "watermelon": 449,
    "whale": 450,
    "wharf": 451,
    "wheel": 452,
    "wheelchair": 453,
    "window": 454,
    "window blinds": 455,
    "wineglass": 456,
    "wire": 457,
    "wood": 458,
    "wool": 459
}