{
    "air conditioner": 79,
    "air duct": 38,
    "air vent": 25,
    "alarm": 525,
    "alarm clock": 156,
    "album": 822,
    "aluminium foil": 708,
    "american flag": 870,
    "antenna": 796,
    "apple": 334,
    "ashtray": 377,
    "avocado": 680,
    "baby chair": 494,
    "baby gate": 591,
    "back scrubber": 656,
    "backpack": 206,
    "bag": 55,
    "bag of bagels": 690,
    "bag of chips": 245,
    "bag of flour": 285,
    "bag of hot dog buns": 747,
    "bag of oreo": 692,
    "bagel": 689,
    "baking dish": 260,
    "ball": 60,
    "balloon": 385,
    "banana": 147,
    "banana peel": 691,
    "banister": 453,
    "bar": 51,
    "bar of soap": 564,
    "barrel": 343,
    "baseball": 825,
    "basket": 39,
    "basketball": 542,
    "basketball hoop": 162,
    "bassinet": 414,
    "bathtub": 136,
    "bean bag": 797,
    "bed": 157,
    "bed sheets": 352,
    "bedding package": 808,
    "beeper": 780,
    "belt": 610,
    "bench": 204,
    "bicycle": 189,
    "bicycle helmet": 337,
    "bin": 307,
    "binder": 399,
    "blackboard": 225,
    "blanket": 312,
    "blender": 268,
    "blinds": 80,
    "board": 408,
    "book": 1,
    "book holder": 827,
    "bookend": 374,
    "bookrack": 224,
    "books": 85,
    "bookshelf": 88,
    "boomerang": 773,
    "bottle": 2,
    "bottle of comet": 755,
    "bottle of contact lens solution": 633,
    "bottle of hand wash liquid": 677,
    "bottle of ketchup": 750,
    "bottle of liquid": 685,
    "bottle of listerine": 676,
    "bottle of perfume": 840,
    "bottle of soap": 502,
    "bowl": 22,
    "box": 26,
    "box of paper": 503,
    "box of ziplock bags": 271,
    "bracelet": 860,
    "bread": 246,
    "brick": 695,
    "briefcase": 617,
    "broom": 328,
    "bucket": 427,
    "bulb": 688,
    "bunk bed": 804,
    "business cards": 535,
    "butterfly sculpture": 712,
    "button": 774,
    "cabinet": 3,
    "cable box": 168,
    "cable modem": 73,
    "cable rack": 104,
    "cables": 450,
    "cactus": 641,
    "cake": 289,
    "calculator": 200,
    "calendar": 583,
    "camera": 40,
    "can": 329,
    "can of beer": 857,
    "can of food": 280,
    "can opener": 279,
    "candelabra": 605,
    "candle": 137,
    "candlestick": 148,
    "cane": 555,
    "canister": 794,
    "cannister": 355,
    "cans of cat food": 593,
    "cap stand": 441,
    "car": 530,
    "cardboard sheet": 452,
    "cardboard tube": 413,
    "cart": 305,
    "carton": 397,
    "case": 851,
    "casserole dish": 365,
    "cat": 594,
    "cat bed": 608,
    "cat cage": 580,
    "cat house": 856,
    "cd": 207,
    "cd disc": 585,
    "ceiling": 4,
    "celery": 720,
    "cell phone": 290,
    "cell phone charger": 602,
    "centerpiece": 878,
    "ceramic frog": 643,
    "certificate": 790,
    "chair": 5,
    "chalkboard": 428,
    "chandelier": 342,
    "chapstick": 726,
    "charger": 743,
    "charger and wire": 574,
    "chart": 411,
    "chart roll": 495,
    "chart stand": 393,
    "chessboard": 198,
    "chest": 344,
    "child carrier": 491,
    "chimney": 702,
    "circuit breaker box": 112,
    "classroom board": 392,
    "cleaner": 548,
    "cleaning wipes": 381,
    "clipboard": 536,
    "clock": 56,
    "cloth bag": 492,
    "cloth drying stand": 549,
    "clothes": 141,
    "clothing detergent": 501,
    "clothing dryer": 498,
    "clothing drying rack": 556,
    "clothing hamper": 770,
    "clothing hanger": 214,
    "clothing iron": 572,
    "clothing washer": 499,
    "coaster": 387,
    "coat hanger": 400,
    "coffee bag": 226,
    "coffee grinder": 237,
    "coffee machine": 234,
    "coffee packet": 227,
    "coffee pot": 893,
    "coffee table": 356,
    "coins": 308,
    "coke bottle": 297,
    "collander": 694,
    "cologne": 176,
    "column": 94,
    "comb": 809,
    "comforter": 484,
    "computer": 46,
    "computer disk": 616,
    "conch shell": 673,
    "cone": 6,
    "console controller": 613,
    "console system": 518,
    "contact lens case": 634,
    "contact lens solution bottle": 173,
    "container": 140,
    "container of skin cream": 637,
    "cooking pan": 252,
    "cooking pot cover": 761,
    "copper vessel": 528,
    "cordless phone": 474,
    "cordless telephone": 545,
    "cork board": 34,
    "corkscrew": 713,
    "corn": 716,
    "counter": 7,
    "cradle": 493,
    "crate": 183,
    "crayon": 511,
    "cream": 635,
    "cream tube": 653,
    "crib": 485,
    "crock pot": 330,
    "cup": 35,
    "curtain": 89,
    "curtain rod": 582,
    "cutting board": 247,
    "decanter": 345,
    "decoration item": 842,
    "decorative bottle": 767,
    "decorative bowl": 826,
    "decorative candle": 865,
    "decorative dish": 757,
    "decorative egg": 862,
    "decorative item": 853,
    "decorative plate": 383,
    "decorative platter": 370,
    "deoderant": 159,
    "desk": 36,
    "desk drawer": 475,
    "desk mat": 473,
    "desser": 829,
    "dish brush": 248,
    "dish cover": 368,
    "dish rack": 581,
    "dish scrubber": 261,
    "dishes": 733,
    "dishwasher": 8,
    "display board": 444,
    "display case": 540,
    "display platter": 877,
    "dog": 701,
    "dog bed": 858,
    "dog bowl": 697,
    "dog cage": 703,
    "dog toy": 736,
    "doily": 892,
    "doll": 99,
    "doll house": 486,
    "dollar bill": 810,
    "dolly": 219,
    "door": 28,
    "door  window  reflection": 642,
    "door curtain": 663,
    "door facing trimreflection": 657,
    "door frame": 615,
    "door knob": 27,
    "door lock": 646,
    "door way": 609,
    "door way arch": 686,
    "doorreflection": 658,
    "drain": 567,
    "drawer": 174,
    "drawer handle": 371,
    "drawer knob": 833,
    "dresser": 169,
    "drum": 145,
    "drying rack": 262,
    "drying stand": 554,
    "duck": 887,
    "duster": 115,
    "dvd": 197,
    "dvd player": 170,
    "dvds": 325,
    "earplugs": 152,
    "educational display": 419,
    "eggplant": 888,
    "eggs": 699,
    "electric box": 550,
    "electric mixer": 369,
    "electric toothbrush": 142,
    "electric toothbrush base": 629,
    "electrical kettle": 738,
    "electrical outlet": 98,
    "electronic drumset": 816,
    "envelope": 476,
    "envelopes": 843,
    "eraser": 100,
    "ethernet jack": 118,
    "excercise ball": 155,
    "excercise equipment": 457,
    "excercise machine": 558,
    "exit sign": 86,
    "eye glasses": 335,
    "eyeball plastic ball": 787,
    "face wash cream": 665,
    "fan": 74,
    "faucet": 9,
    "faucet handle": 568,
    "fax machine": 68,
    "fiberglass case": 543,
    "figurine": 836,
    "file": 75,
    "file box": 734,
    "file container": 469,
    "file holder": 410,
    "file pad": 619,
    "file stand": 479,
    "filing shelves": 401,
    "fire alarm": 338,
    "fire extinguisher": 10,
    "fireplace": 372,
    "fish tank": 782,
    "flag": 405,
    "flashcard": 201,
    "flashlight": 666,
    "flask": 693,
    "flask set": 760,
    "flatbed scanner": 537,
    "flipboard": 106,
    "floor": 11,
    "floor mat": 143,
    "floor trim": 868,
    "flower": 81,
    "flower basket": 595,
    "flower box": 471,
    "flower pot": 146,
    "folder": 69,
    "folders": 213,
    "food processor": 715,
    "food wrapped on a tray": 752,
    "foosball table": 510,
    "foot rest": 163,
    "football": 166,
    "fork": 349,
    "framed certificate": 544,
    "fruit": 286,
    "fruit basket": 728,
    "fruit platter": 596,
    "fruit stand": 681,
    "fruitplate": 682,
    "frying pan": 318,
    "furnace": 551,
    "furniture": 524,
    "game system": 516,
    "game table": 429,
    "garage door": 850,
    "garbage bag": 269,
    "garbage bin": 12,
    "garlic": 763,
    "gate": 223,
    "gift wrapping": 351,
    "gift wrapping roll": 185,
    "glass": 612,
    "glass baking dish": 316,
    "glass box": 622,
    "glass container": 636,
    "glass dish": 721,
    "glass pane": 412,
    "glass pot": 304,
    "glass rack": 216,
    "glass set": 705,
    "glass ware": 889,
    "globe": 347,
    "globe stand": 466,
    "glove": 729,
    "gold piece": 880,
    "grandfather clock": 462,
    "grapefruit": 597,
    "green screen": 57,
    "grill": 700,
    "guitar": 300,
    "guitar case": 771,
    "hair brush": 120,
    "hair dryer": 577,
    "hamburger bun": 748,
    "hammer": 883,
    "hand blender": 599,
    "hand fan": 845,
    "hand sanitizer": 76,
    "hand sanitizer dispenser": 505,
    "hand sculpture": 309,
    "hand weight": 838,
    "handle": 758,
    "hanger": 211,
    "hangers": 209,
    "hanging hooks": 96,
    "hat": 193,
    "head phone": 586,
    "head phones": 584,
    "headband": 802,
    "headboard": 161,
    "headphones": 160,
    "heater": 111,
    "heating tray": 714,
    "hockey glove": 194,
    "hockey stick": 195,
    "hole puncher": 61,
    "hookah": 187,
    "hooks": 95,
    "hoola hoop": 512,
    "horse toy": 513,
    "hot dogs": 722,
    "hot water heater": 228,
    "humidifier": 340,
    "id card": 478,
    "incense candle": 644,
    "incense holder": 672,
    "indoor fountain": 863,
    "inkwell": 824,
    "ipad": 386,
    "iphone": 296,
    "ipod": 310,
    "ipod dock": 817,
    "iron box": 557,
    "iron grill": 463,
    "ironing board": 313,
    "jacket": 324,
    "jar": 70,
    "jeans": 849,
    "jersey": 311,
    "jug": 687,
    "juicer": 746,
    "karate belts": 775,
    "key": 378,
    "keyboard": 47,
    "kichen towel": 264,
    "kinect": 823,
    "kitchen container plastic": 739,
    "kitchen island": 456,
    "kitchen items": 253,
    "kitchen utensil": 266,
    "kitchen utensils": 753,
    "kiwi": 598,
    "knife": 259,
    "knife rack": 258,
    "knob": 652,
    "knobs": 600,
    "label": 759,
    "ladder": 48,
    "ladel": 254,
    "lamp": 144,
    "lamp shade": 859,
    "laptop": 37,
    "laundry basket": 164,
    "laundry detergent jug": 500,
    "lazy susan": 679,
    "lectern": 882,
    "leg of a girl": 409,
    "lego": 805,
    "lemon": 765,
    "letter stand": 620,
    "lid": 533,
    "lid of jar": 445,
    "life jacket": 784,
    "light": 62,
    "light bulb": 566,
    "light switch": 301,
    "light switchreflection": 659,
    "lighting track": 354,
    "lint comb": 798,
    "lint roller": 178,
    "litter box": 606,
    "lock": 180,
    "luggage": 783,
    "luggage rack": 803,
    "lunch bag": 407,
    "machine": 220,
    "magazine": 71,
    "magazine holder": 468,
    "magic 8ball": 839,
    "magnet": 23,
    "mail shelf": 65,
    "mail tray": 618,
    "mailshelf": 153,
    "makeup brush": 121,
    "manilla envelope": 63,
    "mantel": 58,
    "mantle": 874,
    "map": 107,
    "mask": 191,
    "matchbox": 884,
    "mattress": 576,
    "measuring cup": 730,
    "medal": 776,
    "medicine tube": 660,
    "mellon": 707,
    "menorah": 336,
    "mens suit": 167,
    "mens tie": 315,
    "mezuza": 531,
    "microphone": 818,
    "microphone stand": 821,
    "microwave": 13,
    "mini display platform": 869,
    "mirror": 122,
    "model boat": 789,
    "modem": 91,
    "money": 482,
    "monitor": 49,
    "mortar and pestle": 357,
    "motion camera": 52,
    "mouse": 103,
    "mouse pad": 539,
    "muffins": 229,
    "mug hanger": 749,
    "mug holder": 744,
    "music keyboard": 819,
    "music stand": 820,
    "music stereo": 442,
    "nailclipper": 569,
    "napkin": 244,
    "napkin dispenser": 230,
    "napkin holder": 235,
    "napkin ring": 350,
    "necklace": 341,
    "necklace holder": 779,
    "newspapers": 873,
    "night stand": 158,
    "notebook": 210,
    "notecards": 438,
    "oil container": 683,
    "onion": 322,
    "orange": 709,
    "orange juicer": 745,
    "orange plastic cap": 704,
    "ornamental item": 527,
    "ornamental plant": 459,
    "ornamental pot": 735,
    "ottoman": 359,
    "oven": 238,
    "oven handle": 366,
    "oven mitt": 754,
    "package of bedroom sheets": 807,
    "package of bottled water": 875,
    "package of water": 684,
    "pan": 589,
    "paper": 15,
    "paper bundle": 534,
    "paper cutter": 108,
    "paper holder": 470,
    "paper rack": 77,
    "paper towel": 113,
    "paper towel dispenser": 14,
    "paper towel holder": 281,
    "paper tray": 538,
    "paper weight": 480,
    "papers": 483,
    "peach": 710,
    "pen": 97,
    "pen box": 190,
    "pen cup": 786,
    "pen holder": 464,
    "pen stand": 314,
    "pencil": 396,
    "pencil holder": 101,
    "pepper": 885,
    "pepper grinder": 579,
    "pepper shaker": 455,
    "perfume": 655,
    "perfume box": 654,
    "person": 331,
    "personal care liquid": 649,
    "phone jack": 363,
    "photo": 508,
    "photo album": 864,
    "piano": 298,
    "piano bench": 460,
    "picture": 64,
    "picture of fish": 394,
    "piece of wood": 552,
    "pig": 811,
    "pillow": 119,
    "pineapple": 740,
    "ping pong ball": 623,
    "ping pong racket": 624,
    "ping pong racquet": 627,
    "ping pong table": 625,
    "pipe": 41,
    "pitcher": 273,
    "pizza box": 274,
    "placard": 420,
    "placemat": 154,
    "plant": 82,
    "plant pot": 239,
    "plaque": 231,
    "plastic bowl": 320,
    "plastic box": 395,
    "plastic chair": 489,
    "plastic crate": 402,
    "plastic cup of coffee": 621,
    "plastic dish": 723,
    "plastic rack": 403,
    "plastic toy container": 514,
    "plastic tray": 404,
    "plastic tub": 232,
    "plate": 233,
    "platter": 129,
    "playpen": 815,
    "pool ball": 520,
    "pool sticks": 517,
    "pool table": 515,
    "poster board": 406,
    "poster case": 116,
    "pot": 16,
    "potato": 323,
    "power surge": 451,
    "printer": 66,
    "projector": 90,
    "projector screen": 53,
    "puppy toy": 791,
    "purse": 181,
    "pyramid": 472,
    "quill": 793,
    "quilt": 575,
    "radiator": 236,
    "radio": 188,
    "rags": 852,
    "railing": 497,
    "range hood": 380,
    "razor": 632,
    "reflection of window shutters": 861,
    "refridgerator": 17,
    "remote control": 175,
    "roll of paper towels": 449,
    "roll of toilet paper": 674,
    "rolled carpet": 571,
    "rolled up rug": 891,
    "room divider": 87,
    "rope": 560,
    "router": 303,
    "rug": 130,
    "ruler": 72,
    "salt and pepper": 737,
    "salt container": 361,
    "salt shaker": 332,
    "saucer": 217,
    "scale": 639,
    "scarf": 240,
    "scenary": 832,
    "scissor": 29,
    "sculpture": 294,
    "sculpture of the chrysler building": 846,
    "sculpture of the eiffel tower": 847,
    "sculpture of the empire state building": 848,
    "security camera": 212,
    "server": 360,
    "serving dish": 867,
    "serving platter": 876,
    "serving spoon": 249,
    "sewing machine": 890,
    "shaver": 171,
    "shaving cream": 570,
    "sheet": 559,
    "sheet music": 461,
    "sheet of metal": 287,
    "sheets": 348,
    "shelf frame": 855,
    "shelves": 42,
    "shirts in hanger": 302,
    "shoe": 149,
    "shoe hanger": 834,
    "shoe rack": 614,
    "shoelace": 785,
    "shofar": 546,
    "shopping baskets": 222,
    "shopping cart": 319,
    "shorts": 192,
    "shovel": 607,
    "show piece": 454,
    "shower base": 667,
    "shower cap": 132,
    "shower curtain": 123,
    "shower head": 650,
    "shower hose": 669,
    "shower knob": 651,
    "shower pipe": 664,
    "shower tube": 675,
    "sifter": 727,
    "sign": 208,
    "sink": 24,
    "sink protector": 270,
    "six pack of beer": 382,
    "sleeping bag": 841,
    "slide": 814,
    "soap": 133,
    "soap box": 671,
    "soap dish": 638,
    "soap holder": 506,
    "soap stand": 640,
    "soap tray": 662,
    "soccer ball": 837,
    "sock": 165,
    "sofa": 83,
    "soft toy": 422,
    "soft toy group": 421,
    "spatula": 255,
    "speaker": 54,
    "spice bottle": 272,
    "spice rack": 241,
    "spice stand": 256,
    "sponge": 250,
    "spoon": 283,
    "spoon sets": 592,
    "spoon stand": 282,
    "spot light": 353,
    "squash": 717,
    "squeeze tube": 131,
    "stack of plates": 358,
    "stacked bins  boxes": 446,
    "stacked chairs": 43,
    "stacked plastic racks": 447,
    "stairs": 215,
    "stamp": 114,
    "stand": 50,
    "staple remover": 202,
    "stapler": 67,
    "steamer": 742,
    "step stool": 276,
    "stereo": 84,
    "stick": 529,
    "sticker": 725,
    "sticks": 561,
    "stones": 578,
    "stool": 150,
    "storage bin": 812,
    "storage chest": 813,
    "storage rack": 448,
    "storage shelvesbooks": 430,
    "storage space": 645,
    "stove": 242,
    "stove burner": 18,
    "stroller": 373,
    "stuffed animal": 177,
    "styrofoam object": 44,
    "suger jar": 741,
    "suit jacket": 379,
    "suitcase": 199,
    "surge protect": 611,
    "surge protector": 326,
    "switchbox": 364,
    "table": 19,
    "table runner": 375,
    "tablecloth": 292,
    "tag": 218,
    "tape": 109,
    "tape dispenser": 30,
    "tea box": 879,
    "tea cannister": 769,
    "tea coaster": 711,
    "tea kettle": 243,
    "tea pot": 678,
    "telephone": 32,
    "telephone cord": 31,
    "telescope": 467,
    "television": 172,
    "tennis racket": 626,
    "tent": 835,
    "thermostat": 110,
    "throw": 872,
    "tin foil": 265,
    "tissue": 648,
    "tissue box": 138,
    "tissue roll": 764,
    "toaster": 251,
    "toaster oven": 275,
    "toilet": 124,
    "toilet bowl brush": 565,
    "toilet brush": 630,
    "toilet paper": 139,
    "toilet paper holder": 647,
    "toilet plunger": 563,
    "toiletries": 631,
    "toiletries bag": 125,
    "toothbrush": 127,
    "toothbrush holder": 126,
    "toothpaste": 128,
    "toothpaste holder": 670,
    "torah": 894,
    "torch": 696,
    "towel": 135,
    "towel rod": 134,
    "toy": 389,
    "toy apple": 830,
    "toy bin": 417,
    "toy boat": 795,
    "toy bottle": 182,
    "toy box": 434,
    "toy car": 415,
    "toy cash register": 532,
    "toy chair": 487,
    "toy chest": 801,
    "toy cube": 423,
    "toy cuboid": 431,
    "toy cylinder": 424,
    "toy dog": 831,
    "toy doll": 465,
    "toy horse": 828,
    "toy house": 490,
    "toy kitchen": 751,
    "toy phone": 435,
    "toy plane": 481,
    "toy pyramid": 788,
    "toy rectangle": 425,
    "toy shelf": 416,
    "toy sink": 436,
    "toy sofa": 488,
    "toy stroller": 854,
    "toy table": 526,
    "toy tree": 432,
    "toy triangle": 426,
    "toy truck": 391,
    "toy trucks": 439,
    "toyhouse": 437,
    "toys basket": 390,
    "toys box": 496,
    "toys rack": 443,
    "toys shelf": 418,
    "track light": 33,
    "trampoline": 521,
    "travel bag": 799,
    "tray": 179,
    "treadmill": 458,
    "tree sculpture": 541,
    "tricycle": 522,
    "trinket": 844,
    "trivet": 257,
    "trolley": 504,
    "trolly": 221,
    "trophy": 547,
    "tub of tupperware": 604,
    "tumbler": 327,
    "tuna cans": 590,
    "tupperware": 762,
    "tv stand": 291,
    "typewriter": 376,
    "umbrella": 203,
    "unknown": 20,
    "urn": 151,
    "usb drive": 587,
    "utensil": 267,
    "utensil container": 362,
    "utensils": 317,
    "vacuum cleaner": 306,
    "vase": 78,
    "vasoline": 184,
    "vegetable": 724,
    "vegetable peeler": 277,
    "vegetables": 719,
    "vessel": 263,
    "vessel set": 706,
    "vessels": 601,
    "vhs tapes": 871,
    "video game": 519,
    "vuvuzela": 196,
    "waffle maker": 288,
    "walkie talkie": 398,
    "walkietalkie": 866,
    "wall": 21,
    "wall decoration": 186,
    "wall divider": 800,
    "wall hand sanitizer dispenser": 440,
    "wall stand": 295,
    "wallet": 661,
    "wardrobe": 772,
    "washing machine": 278,
    "watch": 384,
    "water carboy": 102,
    "water cooler": 509,
    "water dispenser": 507,
    "water filter": 731,
    "water fountain": 339,
    "water heater": 588,
    "water purifier": 93,
    "watermellon": 718,
    "webcam": 781,
    "whisk": 367,
    "whiteboard": 45,
    "whiteboard eraser": 388,
    "whiteboard marker": 117,
    "wii": 523,
    "window": 59,
    "window box": 778,
    "window cover": 573,
    "window frame": 477,
    "window seat": 777,
    "window shelf": 668,
    "wine": 766,
    "wine accessory": 732,
    "wine bottle": 333,
    "wine glass": 293,
    "wine rack": 299,
    "wire": 92,
    "wire basket": 603,
    "wire board": 792,
    "wire rack": 105,
    "wire tray": 768,
    "wooden container": 321,
    "wooden kitchen utensils": 284,
    "wooden pillar": 553,
    "wooden plank": 698,
    "wooden planks": 562,
    "wooden toy": 433,
    "wooden utensil": 756,
    "wooden utensils": 346,
    "wreathe": 881,
    "xbox": 628,
    "yarmulka": 806,
    "yellow pepper": 886,
    "yoga mat": 205
}