{
	"1": {
		"body": 1,
		"engine_1": 11,
		"engine_10": 20,
		"engine_2": 12,
		"engine_3": 13,
		"engine_4": 14,
		"engine_5": 15,
		"engine_6": 16,
		"engine_7": 17,
		"engine_8": 18,
		"engine_9": 19,
		"lwing": 3,
		"rwing": 4,
		"stern": 2,
		"tail": 5,
		"wheel_1": 21,
		"wheel_10": 30,
		"wheel_2": 22,
		"wheel_3": 23,
		"wheel_4": 24,
		"wheel_5": 25,
		"wheel_6": 26,
		"wheel_7": 27,
		"wheel_8": 28,
		"wheel_9": 29
	},
	"2": {
		"bwheel": 2,
		"chainwheel": 5,
		"fwheel": 1,
		"handlebar": 4,
		"headlight_1": 11,
		"headlight_10": 20,
		"headlight_2": 12,
		"headlight_3": 13,
		"headlight_4": 14,
		"headlight_5": 15,
		"headlight_6": 16,
		"headlight_7": 17,
		"headlight_8": 18,
		"headlight_9": 19,
		"saddle": 3
	},
	"3": {
		"beak": 4,
		"head": 1,
		"leye": 2,
		"lfoot": 10,
		"lleg": 9,
		"lwing": 7,
		"neck": 6,
		"reye": 3,
		"rfoot": 12,
		"rleg": 11,
		"rwing": 8,
		"tail": 13,
		"torso": 5
	},
	"4": {},
	"5": {
		"body": 2,
		"cap": 1
	},
	"6": {
		"backside": 4,
		"bliplate": 9,
		"door_1": 11,
		"door_10": 20,
		"door_2": 12,
		"door_3": 13,
		"door_4": 14,
		"door_5": 15,
		"door_6": 16,
		"door_7": 17,
		"door_8": 18,
		"door_9": 19,
		"fliplate": 8,
		"frontside": 1,
		"headlight_1": 31,
		"headlight_10": 40,
		"headlight_2": 32,
		"headlight_3": 33,
		"headlight_4": 34,
		"headlight_5": 35,
		"headlight_6": 36,
		"headlight_7": 37,
		"headlight_8": 38,
		"headlight_9": 39,
		"leftmirror": 6,
		"leftside": 2,
		"rightmirror": 7,
		"rightside": 3,
		"roofside": 5,
		"wheel_1": 21,
		"wheel_10": 30,
		"wheel_2": 22,
		"wheel_3": 23,
		"wheel_4": 24,
		"wheel_5": 25,
		"wheel_6": 26,
		"wheel_7": 27,
		"wheel_8": 28,
		"wheel_9": 29,
		"window_1": 41,
		"window_10": 50,
		"window_11": 51,
		"window_12": 52,
		"window_13": 53,
		"window_14": 54,
		"window_15": 55,
		"window_16": 56,
		"window_17": 57,
		"window_18": 58,
		"window_19": 59,
		"window_2": 42,
		"window_20": 60,
		"window_3": 43,
		"window_4": 44,
		"window_5": 45,
		"window_6": 46,
		"window_7": 47,
		"window_8": 48,
		"window_9": 49
	},
	"7": {
		"backside": 4,
		"bliplate": 9,
		"door_1": 11,
		"door_10": 20,
		"door_2": 12,
		"door_3": 13,
		"door_4": 14,
		"door_5": 15,
		"door_6": 16,
		"door_7": 17,
		"door_8": 18,
		"door_9": 19,
		"fliplate": 8,
		"frontside": 1,
		"headlight_1": 31,
		"headlight_10": 40,
		"headlight_2": 32,
		"headlight_3": 33,
		"headlight_4": 34,
		"headlight_5": 35,
		"headlight_6": 36,
		"headlight_7": 37,
		"headlight_8": 38,
		"headlight_9": 39,
		"leftmirror": 6,
		"leftside": 2,
		"rightmirror": 7,
		"rightside": 3,
		"roofside": 5,
		"wheel_1": 21,
		"wheel_10": 30,
		"wheel_2": 22,
		"wheel_3": 23,
		"wheel_4": 24,
		"wheel_5": 25,
		"wheel_6": 26,
		"wheel_7": 27,
		"wheel_8": 28,
		"wheel_9": 29,
		"window_1": 41,
		"window_10": 50,
		"window_11": 51,
		"window_12": 52,
		"window_13": 53,
		"window_14": 54,
		"window_15": 55,
		"window_16": 56,
		"window_17": 57,
		"window_18": 58,
		"window_19": 59,
		"window_2": 42,
		"window_20": 60,
		"window_3": 43,
		"window_4": 44,
		"window_5": 45,
		"window_6": 46,
		"window_7": 47,
		"window_8": 48,
		"window_9": 49
	},
	"8": {
		"head": 1,
		"lbleg": 13,
		"lbpa": 14,
		"lear": 4,
		"leye": 2,
		"lfleg": 9,
		"lfpa": 10,
		"neck": 8,
		"nose": 6,
		"rbleg": 15,
		"rbpa": 16,
		"rear": 5,
		"reye": 3,
		"rfleg": 11,
		"rfpa": 12,
		"tail": 17,
		"torso": 7
	},
	"9": {},
	"10": {
		"head": 1,
		"lblleg": 16,
		"lbuleg": 15,
		"lear": 4,
		"leye": 2,
		"lflleg": 12,
		"lfuleg": 11,
		"lhorn": 7,
		"muzzle": 6,
		"neck": 10,
		"rblleg": 18,
		"rbuleg": 17,
		"rear": 5,
		"reye": 3,
		"rflleg": 14,
		"rfuleg": 13,
		"rhorn": 8,
		"tail": 19,
		"torso": 9
	},
	"11": {},
	"12": {
		"head": 1,
		"lbleg": 13,
		"lbpa": 14,
		"lear": 4,
		"leye": 2,
		"lfleg": 9,
		"lfpa": 10,
		"muzzle": 20,
		"neck": 8,
		"nose": 6,
		"rbleg": 15,
		"rbpa": 16,
		"rear": 5,
		"reye": 3,
		"rfleg": 11,
		"rfpa": 12,
		"tail": 17,
		"torso": 7
	},
	"13": {
		"head": 1,
		"lbho": 32,
		"lblleg": 16,
		"lbuleg": 15,
		"lear": 4,
		"leye": 2,
		"lfho": 30,
		"lflleg": 12,
		"lfuleg": 11,
		"muzzle": 6,
		"neck": 10,
		"rbho": 33,
		"rblleg": 18,
		"rbuleg": 17,
		"rear": 5,
		"reye": 3,
		"rfho": 31,
		"rflleg": 14,
		"rfuleg": 13,
		"tail": 19,
		"torso": 9
	},
	"14": {
		"bwheel": 2,
		"fwheel": 1,
		"handlebar": 3,
		"headlight_1": 11,
		"headlight_10": 20,
		"headlight_2": 12,
		"headlight_3": 13,
		"headlight_4": 14,
		"headlight_5": 15,
		"headlight_6": 16,
		"headlight_7": 17,
		"headlight_8": 18,
		"headlight_9": 19,
		"saddle": 4
	},
	"15": {
		"hair": 10,
		"head": 1,
		"lear": 4,
		"lebrow": 6,
		"leye": 2,
		"lfoot": 21,
		"lhand": 15,
		"llarm": 13,
		"llleg": 19,
		"luarm": 14,
		"luleg": 20,
		"mouth": 9,
		"neck": 12,
		"nose": 8,
		"rear": 5,
		"rebrow": 7,
		"reye": 3,
		"rfoot": 24,
		"rhand": 18,
		"rlarm": 16,
		"rlleg": 22,
		"ruarm": 17,
		"ruleg": 23,
		"torso": 11
	},
	"16": {
		"plant": 2,
		"pot": 1
	},
	"17": {
		"head": 1,
		"lblleg": 16,
		"lbuleg": 15,
		"lear": 4,
		"leye": 2,
		"lflleg": 12,
		"lfuleg": 11,
		"lhorn": 7,
		"muzzle": 6,
		"neck": 10,
		"rblleg": 18,
		"rbuleg": 17,
		"rear": 5,
		"reye": 3,
		"rflleg": 14,
		"rfuleg": 13,
		"rhorn": 8,
		"tail": 19,
		"torso": 9
	},
	"18": {},
	"19": {
		"cbackside_1": 61,
		"cbackside_10": 70,
		"cbackside_2": 62,
		"cbackside_3": 63,
		"cbackside_4": 64,
		"cbackside_5": 65,
		"cbackside_6": 66,
		"cbackside_7": 67,
		"cbackside_8": 68,
		"cbackside_9": 69,
		"cfrontside_1": 31,
		"cfrontside_10": 40,
		"cfrontside_2": 32,
		"cfrontside_3": 33,
		"cfrontside_4": 34,
		"cfrontside_5": 35,
		"cfrontside_6": 36,
		"cfrontside_7": 37,
		"cfrontside_8": 38,
		"cfrontside_9": 39,
		"cleftside_1": 41,
		"cleftside_10": 50,
		"cleftside_2": 42,
		"cleftside_3": 43,
		"cleftside_4": 44,
		"cleftside_5": 45,
		"cleftside_6": 46,
		"cleftside_7": 47,
		"cleftside_8": 48,
		"cleftside_9": 49,
		"coach_1": 21,
		"coach_10": 30,
		"coach_2": 22,
		"coach_3": 23,
		"coach_4": 24,
		"coach_5": 25,
		"coach_6": 26,
		"coach_7": 27,
		"coach_8": 28,
		"coach_9": 29,
		"crightside_1": 51,
		"crightside_10": 60,
		"crightside_2": 52,
		"crightside_3": 53,
		"crightside_4": 54,
		"crightside_5": 55,
		"crightside_6": 56,
		"crightside_7": 57,
		"crightside_8": 58,
		"crightside_9": 59,
		"croofside_1": 71,
		"croofside_10": 80,
		"croofside_2": 72,
		"croofside_3": 73,
		"croofside_4": 74,
		"croofside_5": 75,
		"croofside_6": 76,
		"croofside_7": 77,
		"croofside_8": 78,
		"croofside_9": 79,
		"hbackside": 5,
		"head": 1,
		"headlight_1": 11,
		"headlight_10": 20,
		"headlight_2": 12,
		"headlight_3": 13,
		"headlight_4": 14,
		"headlight_5": 15,
		"headlight_6": 16,
		"headlight_7": 17,
		"headlight_8": 18,
		"headlight_9": 19,
		"hfrontside": 2,
		"hleftside": 3,
		"hrightside": 4,
		"hroofside": 6
	},
	"20": {
		"screen": 1
	}
}